{
  "accuracy": 0.999052,
  "precision": 0.680328,
  "recall": 0.846939,
  "f1_score": 0.754545,
  "roc_auc": 0.976026,
  "pr_auc": 0.725149,
  "tn": 56825,
  "fp": 39,
  "fn": 15,
  "tp": 83,
  "threshold": 0.8,
  "trained_at": "2026-04-14T09:07:30.570517+00:00",
  "device": "cpu"
}